[{"id":"cmeipcfw20001l204ec76pn4c","calendarId":"cme9wqhpe0000ht8sr5o3a6wf","title":"NV2A","description":"Fonseca\nEsteban and Oscar","startsAt":"2025-08-18T04:00:00.000Z","endsAt":"2025-08-23T04:00:00.000Z","allDay":true,"location":null,"type":"TEMP_FENCE","createdAt":"2025-08-19T15:32:04.848Z","attachmentName":null,"attachmentType":null},{"id":"cmeh19bcv0005hte8yhz270s9","calendarId":"cme9wqhpe0000ht8sr5o3a6wf","title":"Downrite","description":"Robert and Carlos","startsAt":"2025-08-18T04:00:00.000Z","endsAt":"2025-08-23T04:00:00.000Z","allDay":true,"location":null,"type":"TEMP_FENCE","createdAt":"2025-08-18T11:30:02.048Z","attachmentName":null,"attachmentType":null},{"id":"cmeh19rdy0007hte8dx6lxbce","calendarId":"cme9wqhpe0000ht8sr5o3a6wf","title":"Horse Power Eletric ","description":null,"startsAt":"2025-08-18T04:00:00.000Z","endsAt":"2025-08-23T04:00:00.000Z","allDay":true,"location":null,"type":"GUARDRAIL","createdAt":"2025-08-18T11:30:22.823Z","attachmentName":null,"attachmentType":null},{"id":"cmeh18s9y0003hte8pq8mnzzn","calendarId":"cme9wqhpe0000ht8sr5o3a6wf","title":"Central Civil: NDWWTP","description":null,"startsAt":"2025-08-18T04:00:00.000Z","endsAt":"2025-08-23T04:00:00.000Z","allDay":true,"location":null,"type":"FENCE","createdAt":"2025-08-18T11:29:37.319Z","attachmentName":null,"attachmentType":null},{"id":"cmeihiuym0001js043gfrl7bd","calendarId":"cme9wqhpe0000ht8sr5o3a6wf","title":"AW: I-95 ","description":"Moises to do fence repair","startsAt":"2025-08-19T04:00:00.000Z","endsAt":"2025-08-20T04:00:00.000Z","allDay":true,"location":null,"type":"FENCE","createdAt":"2025-08-19T11:53:07.387Z","attachmentName":null,"attachmentType":null},{"id":"cmelyiefq0001ii04kkl8o1go","calendarId":"cme9wqhpe0000ht8sr5o3a6wf","title":"AW: I-95 & Downrite","description":"Joselin","startsAt":"2025-08-22T04:00:00.000Z","endsAt":"2025-08-23T04:00:00.000Z","allDay":true,"location":null,"type":"GUARDRAIL","createdAt":"2025-08-21T22:11:57.972Z","attachmentName":null,"attachmentType":null},{"id":"cmelyhkl80001ju043q91jozd","calendarId":"cme9wqhpe0000ht8sr5o3a6wf","title":"H & R: 268th St","description":"Moises and Noel","startsAt":"2025-08-22T04:00:00.000Z","endsAt":"2025-08-23T04:00:00.000Z","allDay":true,"location":null,"type":"FENCE","createdAt":"2025-08-21T22:11:19.289Z","attachmentName":null,"attachmentType":null},{"id":"cmerau87m0001kz043fbqfub0","calendarId":"cme9wqhpe0000ht8sr5o3a6wf","title":"Horse Power Eletric ","description":null,"startsAt":"2025-08-25T04:00:00.000Z","endsAt":"2025-08-26T04:00:00.000Z","allDay":true,"location":null,"type":"GUARDRAIL","createdAt":"2025-08-25T15:55:56.048Z","attachmentName":null,"attachmentType":null},{"id":"cmeiq6gbc0001lg04b6ckewdu","calendarId":"cme9wqhpe0000ht8sr5o3a6wf","title":"Lead Engineering: Port Everglades","description":"Fonseca ","startsAt":"2025-08-25T04:00:00.000Z","endsAt":"2025-08-29T04:00:00.000Z","allDay":true,"location":null,"type":"FENCE","createdAt":"2025-08-19T15:55:25.068Z","attachmentName":null,"attachmentType":null},{"id":"cmehc7cnv0003ju04hhj7x6kx","calendarId":"cme9wqhpe0000ht8sr5o3a6wf","title":"Trident Trucking","description":"Robert G., Joselin, and Fabian","startsAt":"2025-08-25T04:00:00.000Z","endsAt":"2025-08-30T04:00:00.000Z","allDay":true,"location":null,"type":"GUARDRAIL","createdAt":"2025-08-18T16:36:26.203Z","attachmentName":null,"attachmentType":null},{"id":"cmehc6khm0001ju04n7nhxipg","calendarId":"cme9wqhpe0000ht8sr5o3a6wf","title":"Ranger Construction: Boca Airport","description":"Invoice 12210\nAlex Fence","startsAt":"2025-08-25T04:00:00.000Z","endsAt":"2025-08-27T04:00:00.000Z","allDay":true,"location":null,"type":"FENCE","createdAt":"2025-08-18T16:35:49.687Z","attachmentName":null,"attachmentType":null},{"id":"cmeiqpvfk0003l804opcw0ah0","calendarId":"cme9wqhpe0000ht8sr5o3a6wf","title":"Coral Gables Temp Fence","description":"Moises and Noel","startsAt":"2025-08-25T04:00:00.000Z","endsAt":"2025-08-28T04:00:00.000Z","allDay":true,"location":null,"type":"TEMP_FENCE","createdAt":"2025-08-19T16:10:31.136Z","attachmentName":null,"attachmentType":null},{"id":"cmeraw4g50003kz04bfr088ji","calendarId":"cme9wqhpe0000ht8sr5o3a6wf","title":"AW: Bridge","description":null,"startsAt":"2025-08-26T04:00:00.000Z","endsAt":"2025-08-27T04:00:00.000Z","allDay":true,"location":null,"type":"GUARDRAIL","createdAt":"2025-08-25T15:57:24.485Z","attachmentName":null,"attachmentType":null},{"id":"cmerds1i00001l40402pnidy9","calendarId":"cme9wqhpe0000ht8sr5o3a6wf","title":"NV2A","description":"Robert A.","startsAt":"2025-08-26T04:00:00.000Z","endsAt":"2025-08-28T04:00:00.000Z","allDay":true,"location":null,"type":"FENCE","createdAt":"2025-08-25T17:18:12.886Z","attachmentName":null,"attachmentType":null},{"id":"cmesv13el0001l404c9bf29w3","calendarId":"cme9wqhpe0000ht8sr5o3a6wf","title":"LTS: Alligator Alcatraz","description":null,"startsAt":"2025-08-27T04:00:00.000Z","endsAt":"2025-08-28T04:00:00.000Z","allDay":true,"location":null,"type":"FENCE","createdAt":"2025-08-26T18:08:54.906Z","attachmentName":null,"attachmentType":null},{"id":"cmerb29hu0005kz0440etxk58","calendarId":"cme9wqhpe0000ht8sr5o3a6wf","title":"Downrite","description":null,"startsAt":"2025-08-27T04:00:00.000Z","endsAt":"2025-08-28T04:00:00.000Z","allDay":true,"location":null,"type":"GUARDRAIL","createdAt":"2025-08-25T16:02:10.962Z","attachmentName":null,"attachmentType":null},{"id":"cmehcdwvh0009ju04hzkx5rx7","calendarId":"cme9wqhpe0000ht8sr5o3a6wf","title":"Central Civil: Underline 3-9 Fence Repair","description":"Invoice 12250\nJony Welder\nWednesday Jose cant go find replacement","startsAt":"2025-08-28T04:00:00.000Z","endsAt":"2025-08-30T04:00:00.000Z","allDay":true,"location":null,"type":"FENCE","createdAt":"2025-08-18T16:41:32.333Z","attachmentName":null,"attachmentType":null},{"id":"cmelqbck90003jr04c7g39eas","calendarId":"cme9wqhpe0000ht8sr5o3a6wf","title":"Labor Day","description":null,"startsAt":"2025-09-01T04:00:00.000Z","endsAt":"2025-09-02T04:00:00.000Z","allDay":true,"location":null,"type":null,"createdAt":"2025-08-21T18:22:32.025Z","attachmentName":null,"attachmentType":null},{"id":"cmevjx8ia0001jr04n9pqxzk6","calendarId":"cme9wqhpe0000ht8sr5o3a6wf","title":"Alston Construction: Sky Harbour","description":"Esteban","startsAt":"2025-09-02T04:00:00.000Z","endsAt":"2025-09-03T04:00:00.000Z","allDay":true,"location":null,"type":"TEMP_FENCE","createdAt":"2025-08-28T15:21:17.647Z","attachmentName":null,"attachmentType":null},{"id":"cmekbo3gf0001ie04zcjq5aj3","calendarId":"cme9wqhpe0000ht8sr5o3a6wf","title":"AW: I-95 ","description":"quarter spacing with nested panels and all special post","startsAt":"2025-09-02T04:00:00.000Z","endsAt":"2025-09-05T04:00:00.000Z","allDay":true,"location":null,"type":"GUARDRAIL","createdAt":"2025-08-20T18:44:46.332Z","attachmentName":null,"attachmentType":null},{"id":"cmehftdh20001l104555w0owu","calendarId":"cme9wqhpe0000ht8sr5o3a6wf","title":"Master Excavators","description":"Check if ready","startsAt":"2025-09-02T04:00:00.000Z","endsAt":"2025-09-04T04:00:00.000Z","allDay":true,"location":null,"type":"GUARDRAIL","createdAt":"2025-08-18T18:17:32.532Z","attachmentName":null,"attachmentType":null},{"id":"cmehc8nqz0005ju0499rap729","calendarId":"cme9wqhpe0000ht8sr5o3a6wf","title":"General Asphalt: E4X25","description":"Invoice 11973-A","startsAt":"2025-09-02T04:00:00.000Z","endsAt":"2025-09-03T04:00:00.000Z","allDay":true,"location":null,"type":"GUARDRAIL","createdAt":"2025-08-18T16:37:27.227Z","attachmentName":null,"attachmentType":null},{"id":"cmeiqkswb0001l80405gqwquo","calendarId":"cme9wqhpe0000ht8sr5o3a6wf","title":"Solemia/Oleta","description":"1,200 with screen\n\nMoises and Noel","startsAt":"2025-09-02T04:00:00.000Z","endsAt":"2025-09-06T04:00:00.000Z","allDay":true,"location":null,"type":"FENCE","createdAt":"2025-08-19T16:06:34.569Z","attachmentName":null,"attachmentType":null},{"id":"cmer2d4qs0001l7040de7p1t2","calendarId":"cme9wqhpe0000ht8sr5o3a6wf","title":"DP Development","description":"Jony, Jose, and Flaco for Friday with bobcat","startsAt":"2025-09-02T04:00:00.000Z","endsAt":"2025-09-04T04:00:00.000Z","allDay":true,"location":null,"type":"FENCE","createdAt":"2025-08-25T11:58:41.474Z","attachmentName":null,"attachmentType":null},{"id":"cmeiqh9hh0001l804s21l6lzg","calendarId":"cme9wqhpe0000ht8sr5o3a6wf","title":"Jaxi *Not confirmed*","description":"7 temp gates\nAdrian","startsAt":"2025-09-03T04:00:00.000Z","endsAt":"2025-09-05T04:00:00.000Z","allDay":true,"location":null,"type":"TEMP_FENCE","createdAt":"2025-08-19T16:03:49.441Z","attachmentName":null,"attachmentType":null},{"id":"cmek9uxm80001kz04luqbzc94","calendarId":"cme9wqhpe0000ht8sr5o3a6wf","title":"GGI: T6413","description":"GATE POST","startsAt":"2025-09-04T04:00:00.000Z","endsAt":"2025-09-05T04:00:00.000Z","allDay":true,"location":null,"type":"FENCE","createdAt":"2025-08-20T17:54:06.126Z","attachmentName":null,"attachmentType":null},{"id":"cmelh7r970001l5042gwveap9","calendarId":"cme9wqhpe0000ht8sr5o3a6wf","title":"OHLA: T4682","description":null,"startsAt":"2025-09-08T04:00:00.000Z","endsAt":"2025-09-10T04:00:00.000Z","allDay":true,"location":null,"type":"GUARDRAIL","createdAt":"2025-08-21T14:07:47.897Z","attachmentName":null,"attachmentType":null},{"id":"cmelh8ptu0003l5043kmq6ay1","calendarId":"cme9wqhpe0000ht8sr5o3a6wf","title":"OHLA: T4682","description":"Bullet Rail Double: 153 LF\nHandrail Aluminum: 14 LF ","startsAt":"2025-09-08T04:00:00.000Z","endsAt":"2025-09-11T04:00:00.000Z","allDay":true,"location":null,"type":"HANDRAIL","createdAt":"2025-08-21T14:08:32.706Z","attachmentName":null,"attachmentType":null},{"id":"cmehc95af0007ju04fv35x4p1","calendarId":"cme9wqhpe0000ht8sr5o3a6wf","title":"Halley Engineering: T6413","description":"3 Lift stations\n82 Bollards intotal\nConfirm with Justin\nInvoice","startsAt":"2025-09-15T04:00:00.000Z","endsAt":"2025-09-20T04:00:00.000Z","allDay":true,"location":null,"type":"FENCE","createdAt":"2025-08-18T16:37:49.960Z","attachmentName":null,"attachmentType":null},{"id":"cmevk9lv40001l204fsqbzlvb","calendarId":"cme9wqhpe0000ht8sr5o3a6wf","title":"OHLA: Joel Blvd","description":"150 removal\n150 install\n2 parallels","startsAt":"2025-09-15T04:00:00.000Z","endsAt":"2025-09-17T04:00:00.000Z","allDay":true,"location":null,"type":"GUARDRAIL","createdAt":"2025-08-28T15:30:54.830Z","attachmentName":null,"attachmentType":null},{"id":"cmeubu39i0001jr043y690ly2","calendarId":"cme9wqhpe0000ht8sr5o3a6wf","title":"Halley Engineering E8T44","description":null,"startsAt":"2025-09-15T04:00:00.000Z","endsAt":"2025-09-20T04:00:00.000Z","allDay":true,"location":null,"type":"FENCE","createdAt":"2025-08-27T18:47:07.780Z","attachmentName":null,"attachmentType":null},{"id":"cmevdf5aq0001le04jf3gcw1x","calendarId":"cme9wqhpe0000ht8sr5o3a6wf","title":"Halley Engineering: T6413","description":"Lubravich\nConfirm with Justin\nInvoice","startsAt":"2025-09-15T04:00:00.000Z","endsAt":"2025-09-20T04:00:00.000Z","allDay":true,"location":null,"type":"FENCE","createdAt":"2025-08-28T12:19:15.983Z","attachmentName":null,"attachmentType":null},{"id":"cmek35hv30001ii04ipd83fyu","calendarId":"cme9wqhpe0000ht8sr5o3a6wf","title":"OHLA: Joel Blvd","description":"In Leigh High Acres","startsAt":"2025-10-13T04:00:00.000Z","endsAt":"2025-10-15T04:00:00.000Z","allDay":true,"location":null,"type":"GUARDRAIL","createdAt":"2025-08-20T14:46:21.612Z","attachmentName":null,"attachmentType":null}]